{
    "inputFile": "inputs/event-gen-1.txt",
    "outputFile": "detected-circles.txt",
    "B": 2,
    "R": 600,
    "c": 299792458,
    "threshold": 6,
    "main_accumulator_config": {
        "x_dpi": 1000,
        "x_begin": -0.2857142857142857,
        "x_end": 0.2857142857142857,
        "y_dpi": 2000,
        "y_begin": -4.141592653589793,
        "y_end": 4.141592653589793
    },
    "cell_accumulator_config": {
        "x_dpi": 20,
        "y_dpi": 40
    }
}