particle_id,particle_type,process,vx,vy,vz,vt,px,py,pz,m,q
4503599644147712,-13,0,906.189819,789.698669,-1417.37012,7.58615828,3.04227662,2.17307782,-4.13538265,0.105658367,1
