particle_id,particle_type,process,vx,vy,vz,vt,px,py,pz,m,q
4503599644147712,13,0,-0.0160903558,-0.00188612612,73.2491379,2.22583723,-7.123384,-0.889260828,55.0261765,0.105658367,-1
