particle_id,particle_type,process,vx,vy,vz,vt,px,py,pz,m,q
4503599644147712,-13,0,186.587204,-685.615295,-4002,7.74651623,1.9639852,-8.02853966,-46.6243668,0.105658367,1
