particle_id,particle_type,process,vx,vy,vz,vt,px,py,pz,m,q
4503599644147712,-13,0,-714.605774,966.510559,941.380127,6.02377319,-2.4585135,3.93126822,3.51692319,0.105658367,1
