particle_id,particle_type,process,vx,vy,vz,vt,px,py,pz,m,q
4503599644147712,-13,0,-0.0119994506,-0.015206933,89.1312027,3.88313508,6.34032631,1.00608563,-13.0320578,0.105658367,1
