particle_id,particle_type,process,vx,vy,vz,vt,px,py,pz,m,q
4503599644147712,-13,0,0.00148874184,0.00280687422,28.7511272,0.985561073,-3.03801703,3.50280046,3.51692319,0.105658367,1
