particle_id,particle_type,process,vx,vy,vz,vt,px,py,pz,m,q
4503599644147712,-13,0,-0.00586427515,0.00445796223,-97.3269501,4.05292797,-2.20839071,-2.25350904,-6.53524494,0.105658367,1
