particle_id,particle_type,process,vx,vy,vz,vt,px,py,pz,m,q
4503599644147712,-13,0,0.00225056917,-0.0132714268,32.1203613,0.408793151,-1.51447308,7.32582855,-0.528148234,0.105658367,1
