particle_id,particle_type,process,vx,vy,vz,vt,px,py,pz,m,q
4503599644147712,13,0,-808.074768,889.842163,284.903229,2.6757071,-4.962924,4.92917633,1.74514735,0.105658367,-1
