particle_id,particle_type,process,vx,vy,vz,vt,px,py,pz,m,q
4503599644147712,-13,0,336.812164,1153.84644,-1475.02942,4.72217226,2.08667946,5.86215067,-7.28011608,0.105658367,1
