particle_id,particle_type,process,vx,vy,vz,vt,px,py,pz,m,q
4503599644147712,-13,0,-933.851501,-756.786194,-2592.42334,13.2958794,-2.6621511,-1.69358933,-6.53524494,0.105658367,1
