particle_id,particle_type,process,vx,vy,vz,vt,px,py,pz,m,q
4503599644147712,-13,0,1195.85083,121.427971,-2352.26978,12.9614649,6.41314173,0.289064288,-13.0320578,0.105658367,1
