particle_id,particle_type,process,vx,vy,vz,vt,px,py,pz,m,q
4503599644147712,-13,0,-1020.06976,635.815735,484.450348,-3.14000773,-1.6319412,1.44182527,0.969109476,0.105658367,1
