particle_id,particle_type,process,vx,vy,vz,vt,px,py,pz,m,q
4503599644147712,-13,0,503.576599,-1091.42773,-41.188591,7.84190512,2.71822524,-6.75153589,-0.203326836,0.105658367,1
