particle_id,particle_type,process,vx,vy,vz,vt,px,py,pz,m,q
4503599644147712,13,0,424.99646,1124.35852,287.028137,3.53061938,0.926130593,3.46941304,0.924324453,0.105658367,-1
