particle_id,particle_type,process,vx,vy,vz,vt,px,py,pz,m,q
4503599644147712,-13,0,-0.00327842915,0.000753137632,-34.1255989,3.66231275,1.51648235,-3.82954025,-4.16582251,0.105658367,1
