particle_id,particle_type,process,vx,vy,vz,vt,px,py,pz,m,q
4503599644147712,13,0,-0.0120002991,-9.48547313e-05,-15.1165705,-1.45888221,-4.42938805,5.41367865,1.74514735,0.105658367,-1
