particle_id,particle_type,process,vx,vy,vz,vt,px,py,pz,m,q
4503599644147712,13,0,-507.096283,-74.3583755,4002,15.4418135,-7.07880116,-1.19329846,55.0261765,0.105658367,-1
