particle_id,particle_type,process,vx,vy,vz,vt,px,py,pz,m,q
4503599644147712,-13,0,0.0175653845,-0.00619817991,6.60213089,-5.83325195,2.37506604,-7.91667509,-46.6243668,0.105658367,1
