particle_id,particle_type,process,vx,vy,vz,vt,px,py,pz,m,q
4503599644147712,13,0,-419.721252,1126.33838,3001.87671,7.52336264,-0.832741797,1.20270348,3.68507767,0.105658367,-1
