particle_id,particle_type,process,vx,vy,vz,vt,px,py,pz,m,q
4503599644147712,-13,0,0.0106792189,-0.0140262125,-11.0637608,-3.88068366,5.35022736,-1.55424178,-33.386879,0.105658367,1
