particle_id,particle_type,process,vx,vy,vz,vt,px,py,pz,m,q
4503599644147712,-13,0,-0.0029289932,0.0240146071,-59.3048172,-0.0105118193,0.686330676,9.74574757,41.1458321,0.105658367,1
