particle_id,particle_type,process,vx,vy,vz,vt,px,py,pz,m,q
4503599644147712,13,0,859.588928,-840.184998,1299.53821,10.6497631,5.68950176,-5.05725288,7.72526312,0.105658367,-1
