particle_id,particle_type,process,vx,vy,vz,vt,px,py,pz,m,q
4503599644147712,-13,0,0.00857028458,-0.0177668277,-41.3743095,-5.19605875,-5.12796831,5.49784994,-0.809591651,0.105658367,1
