particle_id,particle_type,process,vx,vy,vz,vt,px,py,pz,m,q
4503599644147712,-13,0,96.1588593,959.413818,4002,13.9132433,1.26156628,9.68809032,41.1458321,0.105658367,1
