particle_id,particle_type,process,vx,vy,vz,vt,px,py,pz,m,q
4503599644147712,13,0,-972.146912,200.038315,4002,20.7638588,-8.6601696,1.47822785,35.8643532,0.105658367,-1
