particle_id,particle_type,process,vx,vy,vz,vt,px,py,pz,m,q
4503599644147712,-13,0,343.078247,-1151.99878,-1251.38525,9.37316322,0.825760782,-4.03524685,-4.16582251,0.105658367,1
