particle_id,particle_type,process,vx,vy,vz,vt,px,py,pz,m,q
4503599644147712,-13,0,-186.35939,1187.46545,-52.7759895,4.43021393,-0.802478731,7.43756819,-0.528148234,0.105658367,1
