particle_id,particle_type,process,vx,vy,vz,vt,px,py,pz,m,q
4503599644147712,-13,0,-0.0234345775,-0.0139447162,-67.9106827,-1.45270205,1.39484215,6.06411219,-7.28011608,0.105658367,1
