particle_id,particle_type,process,vx,vy,vz,vt,px,py,pz,m,q
4503599644147712,-13,0,-776.789307,917.279907,-170.863495,-1.16143489,-4.5779705,5.96360636,-0.809591651,0.105658367,1
