particle_id,particle_type,process,vx,vy,vz,vt,px,py,pz,m,q
4503599644147712,-13,0,-0.00459864642,0.0169307888,-7.59473085,3.82877946,3.37263918,-6.44959593,-0.203326836,0.105658367,1
