particle_id,particle_type,process,vx,vy,vz,vt,px,py,pz,m,q
4503599644147712,-13,0,535.721497,1076.01416,-841.941406,14.6242247,1.46881151,2.14172029,-1.80524397,0.105658367,1
