particle_id,particle_type,process,vx,vy,vz,vt,px,py,pz,m,q
4503599644147712,13,0,0.000940894883,0.0116837658,79.2281265,4.93486691,5.18573236,-5.57264853,7.72526312,0.105658367,-1
