particle_id,particle_type,process,vx,vy,vz,vt,px,py,pz,m,q
4503599644147712,-13,0,632.353394,-208.551895,-4002,9.61579418,5.22519112,-1.9333849,-33.386879,0.105658367,1
