{
    "B": 2,
    "R": 600,
    "c": 299792458,
    "main_accumulator_config": {
        "x_dpi": 1000,
        "x_begin": -0.2857142857142857,
        "x_end": 0.2857142857142857,
        "y_dpi": 2500,
        "y_begin": -4.141592653589793,
        "y_end": 4.141592653589793
    },
    "cell_accumulator_config": {
        "x_dpi": 2,
        "y_dpi": 2
    }
}